{"car": 1.853441440191807, "bicycle": 2.0849215043984426, "truck": 2.0432743599330228, "pedestrian": 2.294616072365871, "motorcycle": 2.0090286019349173, "traffic_cone": 2.1778053272778566, "construction_vehicle": 1.6712014761840561, "barrier": 2.2957639108561767, "trailer": 1.8375865336105965, "bus": 1.5142324858157332}